Brand,Amazon URL
"Abercrombie & Fitch","https://www.amazon.com/s?k=Abercrombie%20%26%20Fitch%20vintage%20clothing&i=fashion&tag=threaddate-20"
"Adidas","https://www.amazon.com/s?k=Adidas%20vintage%20clothing&i=fashion&tag=threaddate-20"
"Admiral","https://www.amazon.com/s?k=Admiral%20vintage%20clothing&i=fashion&tag=threaddate-20"
"Aeropostale","https://www.amazon.com/s?k=Aeropostale%20vintage%20clothing&i=fashion&tag=threaddate-20"
"Airwalk","https://www.amazon.com/s?k=Airwalk%20vintage%20clothing&i=fashion&tag=threaddate-20"
"Alstyle (AAA)","https://www.amazon.com/s?k=Alstyle%20(AAA)%20vintage%20clothing&i=fashion&tag=threaddate-20"
"American Apparel","https://www.amazon.com/s?k=American%20Apparel%20vintage%20clothing&i=fashion&tag=threaddate-20"
"American Eagle","https://www.amazon.com/s?k=American%20Eagle%20vintage%20clothing&i=fashion&tag=threaddate-20"
"Anvil","https://www.amazon.com/s?k=Anvil%20vintage%20clothing&i=fashion&tag=threaddate-20"
"Apex One","https://www.amazon.com/s?k=Apex%20One%20vintage%20clothing&i=fashion&tag=threaddate-20"
"Aramark","https://www.amazon.com/s?k=Aramark%20vintage%20clothing&i=fashion&tag=threaddate-20"
"Arc'teryx","https://www.amazon.com/s?k=Arc'teryx%20vintage%20clothing&i=fashion&tag=threaddate-20"
"Armani","https://www.amazon.com/s?k=Armani%20vintage%20clothing&i=fashion&tag=threaddate-20"
"Arrow","https://www.amazon.com/s?k=Arrow%20vintage%20clothing&i=fashion&tag=threaddate-20"
"Artex","https://www.amazon.com/s?k=Artex%20vintage%20clothing&i=fashion&tag=threaddate-20"
"Asics","https://www.amazon.com/s?k=Asics%20vintage%20clothing&i=fashion&tag=threaddate-20"
"Athletic Works","https://www.amazon.com/s?k=Athletic%20Works%20vintage%20clothing&i=fashion&tag=threaddate-20"
"Avia","https://www.amazon.com/s?k=Avia%20vintage%20clothing&i=fashion&tag=threaddate-20"
"Baby Phat","https://www.amazon.com/s?k=Baby%20Phat%20vintage%20clothing&i=fashion&tag=threaddate-20"
"Balenciaga","https://www.amazon.com/s?k=Balenciaga%20vintage%20clothing&i=fashion&tag=threaddate-20"
"Banana Republic","https://www.amazon.com/s?k=Banana%20Republic%20vintage%20clothing&i=fashion&tag=threaddate-20"
"Bantam","https://www.amazon.com/s?k=Bantam%20vintage%20clothing&i=fashion&tag=threaddate-20"
"BAPE","https://www.amazon.com/s?k=BAPE%20vintage%20clothing&i=fashion&tag=threaddate-20"
"Bass Pro Shops","https://www.amazon.com/s?k=Bass%20Pro%20Shops%20vintage%20clothing&i=fashion&tag=threaddate-20"
"Bella+Canvas","https://www.amazon.com/s?k=Bella%2BCanvas%20vintage%20clothing&i=fashion&tag=threaddate-20"
"Ben Davis","https://www.amazon.com/s?k=Ben%20Davis%20vintage%20clothing&i=fashion&tag=threaddate-20"
"Big Mac","https://www.amazon.com/s?k=Big%20Mac%20vintage%20clothing&i=fashion&tag=threaddate-20"
"Big Smith","https://www.amazon.com/s?k=Big%20Smith%20vintage%20clothing&i=fashion&tag=threaddate-20"
"Billabong","https://www.amazon.com/s?k=Billabong%20vintage%20clothing&i=fashion&tag=threaddate-20"
"Boy Scouts of America","https://www.amazon.com/s?k=Boy%20Scouts%20of%20America%20vintage%20clothing&i=fashion&tag=threaddate-20"
"Brahma","https://www.amazon.com/s?k=Brahma%20vintage%20clothing&i=fashion&tag=threaddate-20"
"Brent","https://www.amazon.com/s?k=Brent%20vintage%20clothing&i=fashion&tag=threaddate-20"
"Brockum","https://www.amazon.com/s?k=Brockum%20vintage%20clothing&i=fashion&tag=threaddate-20"
"Brooks Brothers","https://www.amazon.com/s?k=Brooks%20Brothers%20vintage%20clothing&i=fashion&tag=threaddate-20"
"Budweiser","https://www.amazon.com/s?k=Budweiser%20vintage%20clothing&i=fashion&tag=threaddate-20"
"Bugle Boy","https://www.amazon.com/s?k=Bugle%20Boy%20vintage%20clothing&i=fashion&tag=threaddate-20"
"Burberry","https://www.amazon.com/s?k=Burberry%20vintage%20clothing&i=fashion&tag=threaddate-20"
"Cabela's","https://www.amazon.com/s?k=Cabela's%20vintage%20clothing&i=fashion&tag=threaddate-20"
"Calvin Klein","https://www.amazon.com/s?k=Calvin%20Klein%20vintage%20clothing&i=fashion&tag=threaddate-20"
"Camel","https://www.amazon.com/s?k=Camel%20vintage%20clothing&i=fashion&tag=threaddate-20"
"Carhartt","https://www.amazon.com/s?k=Carhartt%20vintage%20clothing&i=fashion&tag=threaddate-20"
"Chalk Line","https://www.amazon.com/s?k=Chalk%20Line%20vintage%20clothing&i=fashion&tag=threaddate-20"
"Champion","https://www.amazon.com/s?k=Champion%20vintage%20clothing&i=fashion&tag=threaddate-20"
"Chanel","https://www.amazon.com/s?k=Chanel%20vintage%20clothing&i=fashion&tag=threaddate-20"
"Chaps","https://www.amazon.com/s?k=Chaps%20vintage%20clothing&i=fashion&tag=threaddate-20"
"Cheddar","https://www.amazon.com/s?k=Cheddar%20vintage%20clothing&i=fashion&tag=threaddate-20"
"Cherokee","https://www.amazon.com/s?k=Cherokee%20vintage%20clothing&i=fashion&tag=threaddate-20"
"Chic","https://www.amazon.com/s?k=Chic%20vintage%20clothing&i=fashion&tag=threaddate-20"
"Cintas","https://www.amazon.com/s?k=Cintas%20vintage%20clothing&i=fashion&tag=threaddate-20"
"Coca-Cola","https://www.amazon.com/s?k=Coca-Cola%20vintage%20clothing&i=fashion&tag=threaddate-20"
"Columbia","https://www.amazon.com/s?k=Columbia%20vintage%20clothing&i=fashion&tag=threaddate-20"
"Comfort Colors","https://www.amazon.com/s?k=Comfort%20Colors%20vintage%20clothing&i=fashion&tag=threaddate-20"
"Comme des Garcons","https://www.amazon.com/s?k=Comme%20des%20Garcons%20vintage%20clothing&i=fashion&tag=threaddate-20"
"Converse","https://www.amazon.com/s?k=Converse%20vintage%20clothing&i=fashion&tag=threaddate-20"
"CP Company","https://www.amazon.com/s?k=CP%20Company%20vintage%20clothing&i=fashion&tag=threaddate-20"
"Croft & Barrow","https://www.amazon.com/s?k=Croft%20%26%20Barrow%20vintage%20clothing&i=fashion&tag=threaddate-20"
"Cross Colours","https://www.amazon.com/s?k=Cross%20Colours%20vintage%20clothing&i=fashion&tag=threaddate-20"
"Danskin","https://www.amazon.com/s?k=Danskin%20vintage%20clothing&i=fashion&tag=threaddate-20"
"DC Shoes","https://www.amazon.com/s?k=DC%20Shoes%20vintage%20clothing&i=fashion&tag=threaddate-20"
"Delta","https://www.amazon.com/s?k=Delta%20vintage%20clothing&i=fashion&tag=threaddate-20"
"Diadora","https://www.amazon.com/s?k=Diadora%20vintage%20clothing&i=fashion&tag=threaddate-20"
"Dickies","https://www.amazon.com/s?k=Dickies%20vintage%20clothing&i=fashion&tag=threaddate-20"
"Diesel","https://www.amazon.com/s?k=Diesel%20vintage%20clothing&i=fashion&tag=threaddate-20"
"Dior","https://www.amazon.com/s?k=Dior%20vintage%20clothing&i=fashion&tag=threaddate-20"
"Disney","https://www.amazon.com/s?k=Disney%20vintage%20clothing&i=fashion&tag=threaddate-20"
"Dockers","https://www.amazon.com/s?k=Dockers%20vintage%20clothing&i=fashion&tag=threaddate-20"
"Dolce & Gabbana","https://www.amazon.com/s?k=Dolce%20%26%20Gabbana%20vintage%20clothing&i=fashion&tag=threaddate-20"
"Eastpak","https://www.amazon.com/s?k=Eastpak%20vintage%20clothing&i=fashion&tag=threaddate-20"
"Ecko Unltd","https://www.amazon.com/s?k=Ecko%20Unltd%20vintage%20clothing&i=fashion&tag=threaddate-20"
"Ed Hardy","https://www.amazon.com/s?k=Ed%20Hardy%20vintage%20clothing&i=fashion&tag=threaddate-20"
"Eddie Bauer","https://www.amazon.com/s?k=Eddie%20Bauer%20vintage%20clothing&i=fashion&tag=threaddate-20"
"Ellesse","https://www.amazon.com/s?k=Ellesse%20vintage%20clothing&i=fashion&tag=threaddate-20"
"ENYCE","https://www.amazon.com/s?k=ENYCE%20vintage%20clothing&i=fashion&tag=threaddate-20"
"Etnies","https://www.amazon.com/s?k=Etnies%20vintage%20clothing&i=fashion&tag=threaddate-20"
"Evisu","https://www.amazon.com/s?k=Evisu%20vintage%20clothing&i=fashion&tag=threaddate-20"
"Faded Glory","https://www.amazon.com/s?k=Faded%20Glory%20vintage%20clothing&i=fashion&tag=threaddate-20"
"Fendi","https://www.amazon.com/s?k=Fendi%20vintage%20clothing&i=fashion&tag=threaddate-20"
"Fila","https://www.amazon.com/s?k=Fila%20vintage%20clothing&i=fashion&tag=threaddate-20"
"Filson","https://www.amazon.com/s?k=Filson%20vintage%20clothing&i=fashion&tag=threaddate-20"
"Five Brother","https://www.amazon.com/s?k=Five%20Brother%20vintage%20clothing&i=fashion&tag=threaddate-20"
"Fred Perry","https://www.amazon.com/s?k=Fred%20Perry%20vintage%20clothing&i=fashion&tag=threaddate-20"
"Fruit of the Loom","https://www.amazon.com/s?k=Fruit%20of%20the%20Loom%20vintage%20clothing&i=fashion&tag=threaddate-20"
"FUBU","https://www.amazon.com/s?k=FUBU%20vintage%20clothing&i=fashion&tag=threaddate-20"
"Gant","https://www.amazon.com/s?k=Gant%20vintage%20clothing&i=fashion&tag=threaddate-20"
"Gap","https://www.amazon.com/s?k=Gap%20vintage%20clothing&i=fashion&tag=threaddate-20"
"George","https://www.amazon.com/s?k=George%20vintage%20clothing&i=fashion&tag=threaddate-20"
"Giant","https://www.amazon.com/s?k=Giant%20vintage%20clothing&i=fashion&tag=threaddate-20"
"Gildan","https://www.amazon.com/s?k=Gildan%20vintage%20clothing&i=fashion&tag=threaddate-20"
"Girbaud","https://www.amazon.com/s?k=Girbaud%20vintage%20clothing&i=fashion&tag=threaddate-20"
"Givenchy","https://www.amazon.com/s?k=Givenchy%20vintage%20clothing&i=fashion&tag=threaddate-20"
"Gloria Vanderbilt","https://www.amazon.com/s?k=Gloria%20Vanderbilt%20vintage%20clothing&i=fashion&tag=threaddate-20"
"Gotcha","https://www.amazon.com/s?k=Gotcha%20vintage%20clothing&i=fashion&tag=threaddate-20"
"Gucci","https://www.amazon.com/s?k=Gucci%20vintage%20clothing&i=fashion&tag=threaddate-20"
"Guess","https://www.amazon.com/s?k=Guess%20vintage%20clothing&i=fashion&tag=threaddate-20"
"H Bar C","https://www.amazon.com/s?k=H%20Bar%20C%20vintage%20clothing&i=fashion&tag=threaddate-20"
"H&M","https://www.amazon.com/s?k=H%26M%20vintage%20clothing&i=fashion&tag=threaddate-20"
"Hanes","https://www.amazon.com/s?k=Hanes%20vintage%20clothing&i=fashion&tag=threaddate-20"
"Hang Ten","https://www.amazon.com/s?k=Hang%20Ten%20vintage%20clothing&i=fashion&tag=threaddate-20"
"Hard Rock Cafe","https://www.amazon.com/s?k=Hard%20Rock%20Cafe%20vintage%20clothing&i=fashion&tag=threaddate-20"
"Harley-Davidson","https://www.amazon.com/s?k=Harley-Davidson%20vintage%20clothing&i=fashion&tag=threaddate-20"
"Healthknit","https://www.amazon.com/s?k=Healthknit%20vintage%20clothing&i=fashion&tag=threaddate-20"
"Helly Hansen","https://www.amazon.com/s?k=Helly%20Hansen%20vintage%20clothing&i=fashion&tag=threaddate-20"
"Helmut Lang","https://www.amazon.com/s?k=Helmut%20Lang%20vintage%20clothing&i=fashion&tag=threaddate-20"
"Hercules","https://www.amazon.com/s?k=Hercules%20vintage%20clothing&i=fashion&tag=threaddate-20"
"Hermes","https://www.amazon.com/s?k=Hermes%20vintage%20clothing&i=fashion&tag=threaddate-20"
"Hollister","https://www.amazon.com/s?k=Hollister%20vintage%20clothing&i=fashion&tag=threaddate-20"
"Hummel","https://www.amazon.com/s?k=Hummel%20vintage%20clothing&i=fashion&tag=threaddate-20"
"Hurley","https://www.amazon.com/s?k=Hurley%20vintage%20clothing&i=fashion&tag=threaddate-20"
"Issey Miyake","https://www.amazon.com/s?k=Issey%20Miyake%20vintage%20clothing&i=fashion&tag=threaddate-20"
"Izod","https://www.amazon.com/s?k=Izod%20vintage%20clothing&i=fashion&tag=threaddate-20"
"J.Crew","https://www.amazon.com/s?k=J.Crew%20vintage%20clothing&i=fashion&tag=threaddate-20"
"JanSport","https://www.amazon.com/s?k=JanSport%20vintage%20clothing&i=fashion&tag=threaddate-20"
"JCPenney","https://www.amazon.com/s?k=JCPenney%20vintage%20clothing&i=fashion&tag=threaddate-20"
"Jean Paul Gaultier","https://www.amazon.com/s?k=Jean%20Paul%20Gaultier%20vintage%20clothing&i=fashion&tag=threaddate-20"
"Jerzees","https://www.amazon.com/s?k=Jerzees%20vintage%20clothing&i=fashion&tag=threaddate-20"
"Jimmy'Z","https://www.amazon.com/s?k=Jimmy'Z%20vintage%20clothing&i=fashion&tag=threaddate-20"
"JNCO","https://www.amazon.com/s?k=JNCO%20vintage%20clothing&i=fashion&tag=threaddate-20"
"Jordache","https://www.amazon.com/s?k=Jordache%20vintage%20clothing&i=fashion&tag=threaddate-20"
"Juicy Couture","https://www.amazon.com/s?k=Juicy%20Couture%20vintage%20clothing&i=fashion&tag=threaddate-20"
"Justin","https://www.amazon.com/s?k=Justin%20vintage%20clothing&i=fashion&tag=threaddate-20"
"Kappa","https://www.amazon.com/s?k=Kappa%20vintage%20clothing&i=fashion&tag=threaddate-20"
"Karl Kani","https://www.amazon.com/s?k=Karl%20Kani%20vintage%20clothing&i=fashion&tag=threaddate-20"
"Karman","https://www.amazon.com/s?k=Karman%20vintage%20clothing&i=fashion&tag=threaddate-20"
"Keen","https://www.amazon.com/s?k=Keen%20vintage%20clothing&i=fashion&tag=threaddate-20"
"Kelty","https://www.amazon.com/s?k=Kelty%20vintage%20clothing&i=fashion&tag=threaddate-20"
"Key","https://www.amazon.com/s?k=Key%20vintage%20clothing&i=fashion&tag=threaddate-20"
"Kikwear","https://www.amazon.com/s?k=Kikwear%20vintage%20clothing&i=fashion&tag=threaddate-20"
"Lacoste","https://www.amazon.com/s?k=Lacoste%20vintage%20clothing&i=fashion&tag=threaddate-20"
"Lands' End","https://www.amazon.com/s?k=Lands'%20End%20vintage%20clothing&i=fashion&tag=threaddate-20"
"Le Coq Sportif","https://www.amazon.com/s?k=Le%20Coq%20Sportif%20vintage%20clothing&i=fashion&tag=threaddate-20"
"Lee","https://www.amazon.com/s?k=Lee%20vintage%20clothing&i=fashion&tag=threaddate-20"
"Levi's","https://www.amazon.com/s?k=Levi's%20vintage%20clothing&i=fashion&tag=threaddate-20"
"Lightning Bolt","https://www.amazon.com/s?k=Lightning%20Bolt%20vintage%20clothing&i=fashion&tag=threaddate-20"
"LL Bean","https://www.amazon.com/s?k=LL%20Bean%20vintage%20clothing&i=fashion&tag=threaddate-20"
"Logo 7","https://www.amazon.com/s?k=Logo%207%20vintage%20clothing&i=fashion&tag=threaddate-20"
"Looney Tunes","https://www.amazon.com/s?k=Looney%20Tunes%20vintage%20clothing&i=fashion&tag=threaddate-20"
"Lotto","https://www.amazon.com/s?k=Lotto%20vintage%20clothing&i=fashion&tag=threaddate-20"
"Louis Vuitton","https://www.amazon.com/s?k=Louis%20Vuitton%20vintage%20clothing&i=fashion&tag=threaddate-20"
"Lucchese","https://www.amazon.com/s?k=Lucchese%20vintage%20clothing&i=fashion&tag=threaddate-20"
"Lucky Brand","https://www.amazon.com/s?k=Lucky%20Brand%20vintage%20clothing&i=fashion&tag=threaddate-20"
"Lugz","https://www.amazon.com/s?k=Lugz%20vintage%20clothing&i=fashion&tag=threaddate-20"
"Lululemon","https://www.amazon.com/s?k=Lululemon%20vintage%20clothing&i=fashion&tag=threaddate-20"
"M&O","https://www.amazon.com/s?k=M%26O%20vintage%20clothing&i=fashion&tag=threaddate-20"
"Magic Johnson Ts","https://www.amazon.com/s?k=Magic%20Johnson%20Ts%20vintage%20clothing&i=fashion&tag=threaddate-20"
"Maison Margiela","https://www.amazon.com/s?k=Maison%20Margiela%20vintage%20clothing&i=fashion&tag=threaddate-20"
"Majestic","https://www.amazon.com/s?k=Majestic%20vintage%20clothing&i=fashion&tag=threaddate-20"
"Marlboro","https://www.amazon.com/s?k=Marlboro%20vintage%20clothing&i=fashion&tag=threaddate-20"
"Marmot","https://www.amazon.com/s?k=Marmot%20vintage%20clothing&i=fashion&tag=threaddate-20"
"Maurice Malone","https://www.amazon.com/s?k=Maurice%20Malone%20vintage%20clothing&i=fashion&tag=threaddate-20"
"Mayo Spruce","https://www.amazon.com/s?k=Mayo%20Spruce%20vintage%20clothing&i=fashion&tag=threaddate-20"
"McDonald's","https://www.amazon.com/s?k=McDonald's%20vintage%20clothing&i=fashion&tag=threaddate-20"
"Mecca","https://www.amazon.com/s?k=Mecca%20vintage%20clothing&i=fashion&tag=threaddate-20"
"Merona","https://www.amazon.com/s?k=Merona%20vintage%20clothing&i=fashion&tag=threaddate-20"
"Merrell","https://www.amazon.com/s?k=Merrell%20vintage%20clothing&i=fashion&tag=threaddate-20"
"Mickey & Co","https://www.amazon.com/s?k=Mickey%20%26%20Co%20vintage%20clothing&i=fashion&tag=threaddate-20"
"Missoni","https://www.amazon.com/s?k=Missoni%20vintage%20clothing&i=fashion&tag=threaddate-20"
"Mitchell & Ness","https://www.amazon.com/s?k=Mitchell%20%26%20Ness%20vintage%20clothing&i=fashion&tag=threaddate-20"
"Mizuno","https://www.amazon.com/s?k=Mizuno%20vintage%20clothing&i=fashion&tag=threaddate-20"
"Moncler","https://www.amazon.com/s?k=Moncler%20vintage%20clothing&i=fashion&tag=threaddate-20"
"Montgomery Ward","https://www.amazon.com/s?k=Montgomery%20Ward%20vintage%20clothing&i=fashion&tag=threaddate-20"
"Moschino","https://www.amazon.com/s?k=Moschino%20vintage%20clothing&i=fashion&tag=threaddate-20"
"Mossimo","https://www.amazon.com/s?k=Mossimo%20vintage%20clothing&i=fashion&tag=threaddate-20"
"Mountain Hardwear","https://www.amazon.com/s?k=Mountain%20Hardwear%20vintage%20clothing&i=fashion&tag=threaddate-20"
"NASA","https://www.amazon.com/s?k=NASA%20vintage%20clothing&i=fashion&tag=threaddate-20"
"Nautica","https://www.amazon.com/s?k=Nautica%20vintage%20clothing&i=fashion&tag=threaddate-20"
"New Balance","https://www.amazon.com/s?k=New%20Balance%20vintage%20clothing&i=fashion&tag=threaddate-20"
"Nike","https://www.amazon.com/s?k=Nike%20vintage%20clothing&i=fashion&tag=threaddate-20"
"No Boundaries","https://www.amazon.com/s?k=No%20Boundaries%20vintage%20clothing&i=fashion&tag=threaddate-20"
"Nutmeg","https://www.amazon.com/s?k=Nutmeg%20vintage%20clothing&i=fashion&tag=threaddate-20"
"O'Neill","https://www.amazon.com/s?k=O'Neill%20vintage%20clothing&i=fashion&tag=threaddate-20"
"Ocean Pacific (OP)","https://www.amazon.com/s?k=Ocean%20Pacific%20(OP)%20vintage%20clothing&i=fashion&tag=threaddate-20"
"Old Navy","https://www.amazon.com/s?k=Old%20Navy%20vintage%20clothing&i=fashion&tag=threaddate-20"
"Oneita","https://www.amazon.com/s?k=Oneita%20vintage%20clothing&i=fashion&tag=threaddate-20"
"Orvis","https://www.amazon.com/s?k=Orvis%20vintage%20clothing&i=fashion&tag=threaddate-20"
"OshKosh B'gosh","https://www.amazon.com/s?k=OshKosh%20B'gosh%20vintage%20clothing&i=fashion&tag=threaddate-20"
"Palace","https://www.amazon.com/s?k=Palace%20vintage%20clothing&i=fashion&tag=threaddate-20"
"Panhandle Slim","https://www.amazon.com/s?k=Panhandle%20Slim%20vintage%20clothing&i=fashion&tag=threaddate-20"
"Patagonia","https://www.amazon.com/s?k=Patagonia%20vintage%20clothing&i=fashion&tag=threaddate-20"
"Pelle Pelle","https://www.amazon.com/s?k=Pelle%20Pelle%20vintage%20clothing&i=fashion&tag=threaddate-20"
"Pendelton","https://www.amazon.com/s?k=Pendelton%20vintage%20clothing&i=fashion&tag=threaddate-20"
"Pepsi","https://www.amazon.com/s?k=Pepsi%20vintage%20clothing&i=fashion&tag=threaddate-20"
"Phat Farm","https://www.amazon.com/s?k=Phat%20Farm%20vintage%20clothing&i=fashion&tag=threaddate-20"
"Pilgrim","https://www.amazon.com/s?k=Pilgrim%20vintage%20clothing&i=fashion&tag=threaddate-20"
"Planet Hollywood","https://www.amazon.com/s?k=Planet%20Hollywood%20vintage%20clothing&i=fashion&tag=threaddate-20"
"Playboy","https://www.amazon.com/s?k=Playboy%20vintage%20clothing&i=fashion&tag=threaddate-20"
"Pointer Brand","https://www.amazon.com/s?k=Pointer%20Brand%20vintage%20clothing&i=fashion&tag=threaddate-20"
"Pony","https://www.amazon.com/s?k=Pony%20vintage%20clothing&i=fashion&tag=threaddate-20"
"Powell Peralta","https://www.amazon.com/s?k=Powell%20Peralta%20vintage%20clothing&i=fashion&tag=threaddate-20"
"Power House","https://www.amazon.com/s?k=Power%20House%20vintage%20clothing&i=fashion&tag=threaddate-20"
"Prada","https://www.amazon.com/s?k=Prada%20vintage%20clothing&i=fashion&tag=threaddate-20"
"Pro Player","https://www.amazon.com/s?k=Pro%20Player%20vintage%20clothing&i=fashion&tag=threaddate-20"
"Puma","https://www.amazon.com/s?k=Puma%20vintage%20clothing&i=fashion&tag=threaddate-20"
"Quiksilver","https://www.amazon.com/s?k=Quiksilver%20vintage%20clothing&i=fashion&tag=threaddate-20"
"Ralph Lauren","https://www.amazon.com/s?k=Ralph%20Lauren%20vintage%20clothing&i=fashion&tag=threaddate-20"
"Red Kap","https://www.amazon.com/s?k=Red%20Kap%20vintage%20clothing&i=fashion&tag=threaddate-20"
"Red Wing","https://www.amazon.com/s?k=Red%20Wing%20vintage%20clothing&i=fashion&tag=threaddate-20"
"Reebok","https://www.amazon.com/s?k=Reebok%20vintage%20clothing&i=fashion&tag=threaddate-20"
"REI","https://www.amazon.com/s?k=REI%20vintage%20clothing&i=fashion&tag=threaddate-20"
"Replay","https://www.amazon.com/s?k=Replay%20vintage%20clothing&i=fashion&tag=threaddate-20"
"Resistol","https://www.amazon.com/s?k=Resistol%20vintage%20clothing&i=fashion&tag=threaddate-20"
"Rip Curl","https://www.amazon.com/s?k=Rip%20Curl%20vintage%20clothing&i=fashion&tag=threaddate-20"
"Rocawear","https://www.amazon.com/s?k=Rocawear%20vintage%20clothing&i=fashion&tag=threaddate-20"
"Rockmount","https://www.amazon.com/s?k=Rockmount%20vintage%20clothing&i=fashion&tag=threaddate-20"
"Roper","https://www.amazon.com/s?k=Roper%20vintage%20clothing&i=fashion&tag=threaddate-20"
"Round House","https://www.amazon.com/s?k=Round%20House%20vintage%20clothing&i=fashion&tag=threaddate-20"
"Russell Athletic","https://www.amazon.com/s?k=Russell%20Athletic%20vintage%20clothing&i=fashion&tag=threaddate-20"
"Rusty","https://www.amazon.com/s?k=Rusty%20vintage%20clothing&i=fashion&tag=threaddate-20"
"Santa Cruz","https://www.amazon.com/s?k=Santa%20Cruz%20vintage%20clothing&i=fashion&tag=threaddate-20"
"Sasson","https://www.amazon.com/s?k=Sasson%20vintage%20clothing&i=fashion&tag=threaddate-20"
"Saucony","https://www.amazon.com/s?k=Saucony%20vintage%20clothing&i=fashion&tag=threaddate-20"
"Screen Stars","https://www.amazon.com/s?k=Screen%20Stars%20vintage%20clothing&i=fashion&tag=threaddate-20"
"Sean John","https://www.amazon.com/s?k=Sean%20John%20vintage%20clothing&i=fashion&tag=threaddate-20"
"Sears","https://www.amazon.com/s?k=Sears%20vintage%20clothing&i=fashion&tag=threaddate-20"
"Sergio Tacchini","https://www.amazon.com/s?k=Sergio%20Tacchini%20vintage%20clothing&i=fashion&tag=threaddate-20"
"Sierra Designs","https://www.amazon.com/s?k=Sierra%20Designs%20vintage%20clothing&i=fashion&tag=threaddate-20"
"Signal","https://www.amazon.com/s?k=Signal%20vintage%20clothing&i=fashion&tag=threaddate-20"
"Sonoma","https://www.amazon.com/s?k=Sonoma%20vintage%20clothing&i=fashion&tag=threaddate-20"
"Southpole","https://www.amazon.com/s?k=Southpole%20vintage%20clothing&i=fashion&tag=threaddate-20"
"Sportswear","https://www.amazon.com/s?k=Sportswear%20vintage%20clothing&i=fashion&tag=threaddate-20"
"Spring Ford","https://www.amazon.com/s?k=Spring%20Ford%20vintage%20clothing&i=fashion&tag=threaddate-20"
"St. John's Bay","https://www.amazon.com/s?k=St.%20John's%20Bay%20vintage%20clothing&i=fashion&tag=threaddate-20"
"Stan Ray","https://www.amazon.com/s?k=Stan%20Ray%20vintage%20clothing&i=fashion&tag=threaddate-20"
"Starter","https://www.amazon.com/s?k=Starter%20vintage%20clothing&i=fashion&tag=threaddate-20"
"Stedman","https://www.amazon.com/s?k=Stedman%20vintage%20clothing&i=fashion&tag=threaddate-20"
"Stetson","https://www.amazon.com/s?k=Stetson%20vintage%20clothing&i=fashion&tag=threaddate-20"
"Stone Island","https://www.amazon.com/s?k=Stone%20Island%20vintage%20clothing&i=fashion&tag=threaddate-20"
"Stussy","https://www.amazon.com/s?k=Stussy%20vintage%20clothing&i=fashion&tag=threaddate-20"
"Supreme","https://www.amazon.com/s?k=Supreme%20vintage%20clothing&i=fashion&tag=threaddate-20"
"Tee Jays","https://www.amazon.com/s?k=Tee%20Jays%20vintage%20clothing&i=fashion&tag=threaddate-20"
"Terra","https://www.amazon.com/s?k=Terra%20vintage%20clothing&i=fashion&tag=threaddate-20"
"The North Face","https://www.amazon.com/s?k=The%20North%20Face%20vintage%20clothing&i=fashion&tag=threaddate-20"
"Thrasher","https://www.amazon.com/s?k=Thrasher%20vintage%20clothing&i=fashion&tag=threaddate-20"
"Timberland","https://www.amazon.com/s?k=Timberland%20vintage%20clothing&i=fashion&tag=threaddate-20"
"Tommy Hilfiger","https://www.amazon.com/s?k=Tommy%20Hilfiger%20vintage%20clothing&i=fashion&tag=threaddate-20"
"Tony Lama","https://www.amazon.com/s?k=Tony%20Lama%20vintage%20clothing&i=fashion&tag=threaddate-20"
"Town & Country","https://www.amazon.com/s?k=Town%20%26%20Country%20vintage%20clothing&i=fashion&tag=threaddate-20"
"Towncraft","https://www.amazon.com/s?k=Towncraft%20vintage%20clothing&i=fashion&tag=threaddate-20"
"Trench","https://www.amazon.com/s?k=Trench%20vintage%20clothing&i=fashion&tag=threaddate-20"
"Tultex","https://www.amazon.com/s?k=Tultex%20vintage%20clothing&i=fashion&tag=threaddate-20"
"Umbro","https://www.amazon.com/s?k=Umbro%20vintage%20clothing&i=fashion&tag=threaddate-20"
"Under Armour","https://www.amazon.com/s?k=Under%20Armour%20vintage%20clothing&i=fashion&tag=threaddate-20"
"Uniqlo","https://www.amazon.com/s?k=Uniqlo%20vintage%20clothing&i=fashion&tag=threaddate-20"
"US Air Force","https://www.amazon.com/s?k=US%20Air%20Force%20vintage%20clothing&i=fashion&tag=threaddate-20"
"US Army","https://www.amazon.com/s?k=US%20Army%20vintage%20clothing&i=fashion&tag=threaddate-20"
"US Navy","https://www.amazon.com/s?k=US%20Navy%20vintage%20clothing&i=fashion&tag=threaddate-20"
"USMC","https://www.amazon.com/s?k=USMC%20vintage%20clothing&i=fashion&tag=threaddate-20"
"Van Heusen","https://www.amazon.com/s?k=Van%20Heusen%20vintage%20clothing&i=fashion&tag=threaddate-20"
"Vans","https://www.amazon.com/s?k=Vans%20vintage%20clothing&i=fashion&tag=threaddate-20"
"Velva Sheen","https://www.amazon.com/s?k=Velva%20Sheen%20vintage%20clothing&i=fashion&tag=threaddate-20"
"Versace","https://www.amazon.com/s?k=Versace%20vintage%20clothing&i=fashion&tag=threaddate-20"
"Vision Street Wear","https://www.amazon.com/s?k=Vision%20Street%20Wear%20vintage%20clothing&i=fashion&tag=threaddate-20"
"Volcom","https://www.amazon.com/s?k=Volcom%20vintage%20clothing&i=fashion&tag=threaddate-20"
"Von Dutch","https://www.amazon.com/s?k=Von%20Dutch%20vintage%20clothing&i=fashion&tag=threaddate-20"
"Walls","https://www.amazon.com/s?k=Walls%20vintage%20clothing&i=fashion&tag=threaddate-20"
"Warner Bros","https://www.amazon.com/s?k=Warner%20Bros%20vintage%20clothing&i=fashion&tag=threaddate-20"
"Washington Dee Cee","https://www.amazon.com/s?k=Washington%20Dee%20Cee%20vintage%20clothing&i=fashion&tag=threaddate-20"
"White Stag","https://www.amazon.com/s?k=White%20Stag%20vintage%20clothing&i=fashion&tag=threaddate-20"
"Wolverine","https://www.amazon.com/s?k=Wolverine%20vintage%20clothing&i=fashion&tag=threaddate-20"
"Woolrich","https://www.amazon.com/s?k=Woolrich%20vintage%20clothing&i=fashion&tag=threaddate-20"
"Wrangler","https://www.amazon.com/s?k=Wrangler%20vintage%20clothing&i=fashion&tag=threaddate-20"
"Yohji Yamamoto","https://www.amazon.com/s?k=Yohji%20Yamamoto%20vintage%20clothing&i=fashion&tag=threaddate-20"
"YSL","https://www.amazon.com/s?k=YSL%20vintage%20clothing&i=fashion&tag=threaddate-20"
"Zara","https://www.amazon.com/s?k=Zara%20vintage%20clothing&i=fashion&tag=threaddate-20"